,Listed Name,Sold Price,Date Sold
0,Olympus XA2 Point & Shoot 35mm Film Camera A11 Flash Working Read Desc For Dtls,99.99,Dec 19 2023
1,[ MINT ] Olympus XA2 Point & Shoot 35mm Film Camera ÔºÜ A11 Flash From JAPAN #937,139.9,Dec 19 2023
2,[N MINT] Olympus XA4 Point & Shoot 35mm Film Camera Macro + A11 Flash From JAPAN,209.99,Dec 19 2023
3,[N Mint+ w/Strap] Olympus XA 2 XA2 35mm f/3.5 Rengefinder Film Camera A11 Japan,119.99,Dec 8 2023
4,"""Near MINT"" Olympus XA2 Point & Shoot D.Zuiko 35mm f/3.5 Film Camera From JAPAN",99.9,Dec 19 2023
5,[MINT] Olympus XA2 Black 35mm Point & Shoot Film Camera From JAPAN,129.0,Dec 19 2023
6,[TOP MINT in Box] Olympus XA2 A11 Flash Black Point & Shoot Film Camera JAPAN,199.99,Dec 19 2023
7,New Light Seals„ÄêEXC+4„Äë Olympus XA2 35mm Point & Shoot Compact Film Camera JAPAN,69.99,Dec 17 2023
8,Olympus XA4 w/A11 Flash,34.0,Dec 19 2023
9,*Near MINT* Olympus XA Rangefinder Film Camera w/ A11 Flash 35mm F2.8 From JAPAN,199.0,Dec 19 2023
10,[NEAR MINT] Olympus XA 35mm Rangefinder Film Camera From JAPAN,129.99,Dec 19 2023
11,Olympus XA Rangefinder Camera with A11 Electronic Flash 1:2.8 35mm Lens,99.99,Dec 19 2023
12,New Listing[NEAR MINT w/Strap]Olympus XA Black Rangefinder 35mm Film Camera From JAPAN,115.0,Dec 19 2023
13,*Near MINT* Olympus XA 35mm Rangefinder Film Camera w/ A11 Flash From JAPAN,189.0,Dec 16 2023
14,*Near Mint* Olympus XA2 Zone Focus Point & Shoot Film Camera From JAPAN,99.0,Dec 15 2023
15,[Near MINT+] Olympus XA2 35mm Point & Shoot Film Camera w/ A11 Flash from Japan,134.99,Dec 19 2023
16,[Excellent] Olympus XA 2Ôºã A11 Flash 35mm Film Camera Same day shipping #953C,89.99,Jun 22 2023
17,olympus XA1  with A9M Flash TESTED,107.1,Dec 19 2023
18,Olympus XA Custom Foam Light Seal Kit - USCamera Premium Kits Since 1998,13.0,Dec 17 2023
19,[Near MINT] Olympus XA Rangefinder 35mm Film Camera w/A11 Flash Strap From JAPAN,169.99,Dec 18 2023
20,Olympus XA Camera A11 flash battery cover,11.95,Dec 18 2023
21,[UNUSED in Box] Olympus XA2 RED 35mm Film Camera Point & Shoot A11 Falsh JAPAN,329.99,Dec 16 2023
22,[ Near MINT w/ A11 Flash ] Olympus XA Rangefinder 35mm Film Camera From JAPAN,159.99,Dec 18 2023
23,Olympus XA Rangefinder 35mm Film Camera w/ A11 Flash & Original Case - Untested,125.0,Dec 18 2023
24,Olympus XA2 Point & Shoot Film Camera A11 From Japan 2701R409 [READ Exc+5],100.0,Dec 18 2023
25,„Äê1 set with INSTRUCTION„ÄëPrecut Light Seal Kit Olympus  XAXA2XA4  Japan 772,10.45,Dec 18 2023
26,Olympus Superzoom 800 Camera 38-80mm Auto Focus Point & Shoot Film Camera Tested,33.99,Dec 18 2023
27,Olympus XA4 Macro 35mm Film Camera Zuiko 28mm F3.5 Lens With For Parts A16 Flash,202.0,Dec 18 2023
28,Olympus XA1 Custom foam seals Light Seal Kit OLYMPUS XA1 foam CAMERA seals ,9.0,Dec 18 2023
29,[MINT] Olympus A11 Electronic Flash for XA XA2 XA3 XA4 film camera From JAPAN,79.99,Dec 18 2023
30,[Near MINT] Olympus XA2 Black Zuiko Point & Shoot 35mm Film Camera from JPN 9731,88.0,Dec 17 2023
31,Olympus XA 35mm Film Camera Black w/ Strap Japan Untested,56.0,Dec 18 2023
32,[ NEAR MINT ] OLYMPUS XA w/ A11 Flash 35mm Rangefinder Film Camera from JAPAN,159.99,Dec 18 2023
33,OLYMPUS A16 ELECTRONIC FLASH FOR XA,50.0,Dec 18 2023
34,[NEAR MINT] Olympus XA2 Black Point & Shoot 35mm Film Camera From JAPAN,84.99,Dec 18 2023
35,**NEAR MINT** Olympus XA2 35mm Point & Shoot Compact Film Camera Black FromJapan,99.99,Dec 18 2023
36,[NEAR MINT]Olympus XA Rangefinder Film Camera w/ A11 Flash 35mm F2.8 From JAPAN,179.99,Dec 18 2023
37,Olympus XA2. Gray! Does not function. Total project camera.,26.0,Dec 18 2023
38,[Near MINT] Olympus XA4 35mm Rangefinder Film Camera A11 Flash From JAPAN,198.9,Dec 16 2023
39,[Excellent +++++] Olympus XA2 35mm Point & Shoot black Film Camera From JAPAN,89.99,Dec 13 2023
40,[NEAR MINT] Olympus XA2 Black Point & Shoot 35mm Film Camera From JAPAN,88.99,Dec 17 2023
41,üçôN.Mint w/CaseüçôOlympus XA 35mm Rangefinder Film Camera w/ A11 Flash from JP,169.99,Dec 17 2023
42,[Exc+5] Olympus XA2 Point & Shoot 35mm Film Camera A11 Flash From JAPAN,109.99,Dec 17 2023
43,Olympus XA2 Point & Shoot Film Camera + A11 Flash From JAPAN US SELLER TESTED,149.99,Dec 17 2023
44,Olympus XA with Olympus F.Zuiko 35mm F2.8 Lens,82.0,Dec 17 2023
45,[MINT] Olympus XA 35mm Rangefinder Camera Black w/ A11 Flash Japan,179.99,Dec 17 2023
46,Classic Olympus XA 35mm Film Camera w/ 35mm f/2.8 lens A11 Flash - All Working!,100.0,Dec 17 2023
47,OLYMPUS XA1 CAMERA,37.0,Dec 17 2023
48,[EXC +++5] OLYMPUS XA Rangefinder 35mm Film Camera + A11 Flash.,129.0,Dec 17 2023
49,VTG OLYMPUS XA 2 35MM Film Camera F/3.5 w/ A11 Flash Original Box,149.99,Dec 17 2023
50,N Mint Tested OLYMPUS PEN E-PL2 Silver Body Count 1465 from Japan B4XA04848,93.48,Dec 15 2023
51,[Near MINT] Olympus XA2 Point & Shoot 35mm Film Camera A11 Flash From JAPAN,119.99,Nov 23 2023
52, Olympus XA &A11  Black 35mm Film Camera Nice...users And Instruction Manuals...,125.0,Dec 17 2023
53,Tested [ N MINT ] Olympus XA2 black 35mm Point&Shoot Film Camera A11 Flash Japan,149.99,Dec 17 2023
54,Olympus XA2 35mm Camera - Fully Functional w/ batteries and case,15.0,Dec 17 2023
55,[NEAR MINT] Olympus XA2 Point & Shoot Film Camera w/ A11 Flash Strap from JAPAN,136.25,Dec 17 2023
56,[Near MINT] Olympus XA2 A11 35mm Point&Shoot Compact Film Camera From JAPAN,109.99,Dec 17 2023
57,[Exc+4 w/Strap] Olympus XA-2 Body Only Point & Shoot 35mm Film Camera From JAPAN,59.9,Dec 17 2023
58,[Almost Unused in Box] OLYMPUS XA2 White 35mm Point & Shoot + A11 Flash JP A162,335.0,Dec 17 2023
59,Olympus XA2 Point & Shoot with A11 Flash,122.84,Dec 17 2023
60,Olympus XA Black Rangefinder 35mm Film Camera A11 Flash Body From JAPAN  [ Exc ],79.78,Jun 20 2023
61,Olympus XA2 Camera A11 Flash Case and Instruction Manual TESTED NEAR MINT COND,139.0,Dec 17 2023
62,Olympus XA2 Custom Replacement Light Seal Kit New - Free Shipping,12.0,Dec 17 2023
63,[ MINT in Box ] Olympus XA2 Black Point & Shoot 35mm Film Camera Flash A11 JAPAN,142.99,Dec 17 2023
64,[N Mint w/case] Olympus XA2 35mm Point & Shoot Film Camera With A11 From Japan,119.99,Dec 15 2023
65,[Near MINT] Olympus XA2 35mm Point & Shoot Film Camera with A11 Flash From JAPAN,119.99,Dec 17 2023
66,[Near MINT++ in BOX] Olympus XA2 Point & Shoot 35mm Film Camera Black From JAPAN,149.99,Dec 17 2023
67,Olympus XA2 35 w/D.Zuiko 35mm F3.5 Lens SN3143857,41.85,Dec 16 2023
68,[MINT] Olympus XA2 Black Compact Film Camera 35mm Point & Shoot From JAPAN,99.99,Dec 16 2023
69,[MINT w/Strap] Olympus XA3 35mm A11 Flash Point & Shoot Film Camera From JAPAN,129.99,Dec 16 2023
70,[Near MINT] Tested Olympus XA2 Point&Shoot 35mm Compact Film Camera From JAPAN,99.99,Dec 16 2023
71,[ Near MINT w/ A11 Flash ] Olympus XA2 35mm Film Camera Point & Shoot From JAPAN,109.99,Dec 16 2023
72,[ Exc+4] Olympus A11 RED Flash only For XA XA2 From JAPAN #615,49.9,Dec 14 2023
73,[ MINT w/ Casestrap ] Olympus XA2 Gray 35mm Film Camera + A11 Flash From JAPAN,259.99,Dec 16 2023
74,„ÄêN MINT„Äë Olympus XA2 Black Point & Shoot 35mm Film Camera from Japan 0551,109.99,Dec 16 2023
75,„ÄêEXC+3„Äë Olympus XA2 Black Point & Shoot 35mm Film Camera from Japan 1516,99.99,Dec 16 2023
76,Olympus XA2 35mm Film Camera In Case W/A16 Flash & Booklets Working Very Nice,119.99,Dec 16 2023
77,„Äê NEAR MINT „Äë Olympus XA2 Point & Shoot Film Camera + A11 Flash From JAPAN #892,129.9,Dec 16 2023
78,[Near MINT W/CASE] Olympus XA1 35mm point and shoot Film Camera From JAPAN,59.99,Dec 16 2023
79,EXC+5 Olympus XA Black Point & Shoot Film Camera A11 Flash from Japan,124.99,Dec 16 2023
80,[Near MINT] Olympus XA3 DX 35mm Rangefinder Point & Shoot Film Camera From JAPAN,109.99,Dec 16 2023
81,Olympus XA Rangefinder 35mm Film Camera + A11 Flash JAPAN Fully Working Tested,139.99,Dec 16 2023
82,[NEAR MINT] Olympus XA2 Black 35mm Film Point & Shoot From JAPAN,88.99,Dec 16 2023
83,„Äê MINT „Äë Olympus XA2 35mm Point & Shoot Film Camera w/ A11 Flash From JAPAN,149.99,Dec 15 2023
84,Olympus XA w/ A11 Flash 35mm Rangefinder,100.0,Dec 15 2023
85,Olympus XA 2 35mm Film Camera Zuiko Lens f/3.5 35mm Fixed Prime Lens Film Tested,79.99,Dec 15 2023
86,Olympus XA A16 with Electronic Flash 35mm Film Camera Point&Shoot NO INTL SHIP,157.5,Dec 15 2023
87,[Near MINT w/ Flash] Olympus XA Rangefinder Point & Shoot Film Camera From JAPAN,174.99,Dec 14 2023
88,„ÄêN MINT w/A16 Flash„Äë Olympus XA 35mm Rangefinder Point & Shoot Film Camera JAPAN,169.99,Dec 13 2023
89,„ÄêExcellent+++++„Äë Olympus XA2 Black Point & Shoot 35mm Compact Film Camera JAPAN,69.99,Dec 14 2023
90,Olympus XA2 Point & Shoot 35mm Film Camera A11 Flash RED,189.89,Dec 15 2023
91,[Near MINT+++] Olympus XA4 macro 35mm Film Camera w/ A11 Flash From JAPAN,219.99,Dec 15 2023
92,Olympus A11 Flash Attachment For XA XA2 XA3 XA4 - FOR PARTS OR REPAIR,13.99,Dec 15 2023
93,Olympus XA Rangefinder 35mm Film Camera With A11 Flash Tested Works Great,150.0,Dec 15 2023
94,Olympus XA 35mm Rangefinder Film Camera w/A11 Flash JAPAN - UNTESTED,38.99,Dec 15 2023
95,Boxed! [Near.MINT] Olympus A11 Flash for XA XA2 XA3 XA4 film camera From JAPAN,79.99,Dec 15 2023
96,[Near MINT] Olympus XA 35mm Point & Shoot Film Camera w/ A11 Flash From JAPAN,169.99,Dec 15 2023
97,[Near MINT] Olympus XA 35mm Point & Shoot Film Camera w/ A11 Flash From JAPAN,169.99,Dec 15 2023
98,Olympus XA2 35mm Point & Shoot Film Camera W/ A11 Flash,129.99,Dec 14 2023
99,[Near Mint] Olympus XA2 35mm Point & Shoot Film Camera with A11 Flash from JAPAN,109.99,Dec 14 2023
100,[Near MINT] Olympus XA2 35mm Rangefinder Film Camera From JAPAN,119.99,Dec 14 2023
101,OLYMPUS XA2 Black Point & Shoot 35mm Film Camera A11 Flash,129.95,Dec 14 2023
102,Olympus XA Camera - Tested!,60.0,Dec 14 2023
103,[MINT] Olympus XA2 Compact 35mm Film Camera Urban White From JAPAN,169.99,Dec 14 2023
104,[NEAR MINT] Olympus XA2 Black Point & Shoot Film Camera A11 Flash From JAPAN,139.99,Dec 14 2023
105,[Near MINT w/Flash] Olympus XA / A11 Point & Shoot 35mmFilm Camera From JAPAN,149.99,Dec 14 2023
106,**NEAR MINT-** Olympus XA3 DX 35mm Rangefinder Point & Shoot Film Camera FromJPN,139.99,Dec 14 2023
107,Olympus XA2 Film Tested,66.0,Dec 14 2023
108,[Exc+4] Olympus XA2 Point & Shoot 35mm Film Camera A11 Flash From Japan,54.99,Dec 14 2023
109,*Near MINT* Olympus XA Rangefinder Film Camera w/ A11 Flash 35mm F2.8 From JAPAN,189.0,Dec 8 2023
110,Olympus XA ,65.0,Dec 14 2023
111,[Near MINT w/ A11 Flash] Olympus XA2 Point & Shoot 35mm Film Camera From JAPAN,104.99,Dec 13 2023
112,Olympus XA 35mm Film Camera Rangefinder FREE SHIPPING,99.99,Dec 14 2023
113,"""Near Mint"" Olympus XA2 Black Point & Shoot Compact Film Camera w/A11Flash Japan",99.99,Dec 8 2023
114,OLYMPUS XA2 INSTRUCTION BOOK/150654,12.0,Dec 13 2023
115,Olympus XA Rangefinder Camera with A11 Electronic Flash 1:2.8 35mm Lens Untested,34.99,Dec 13 2023
116,[MINT w/Case] Olympus XA2 35mm Point & Shoot Film Camera + A11 Flash From JAPAN,139.99,Dec 13 2023
117,‚ñ∂[N MINT] Olympus XA2 Black Point&Shoot 35mm Compact Film Camera From JAPAN B78,99.99,Dec 13 2023
118,Olympus XA2 35mm Film Camera A11 Electric Flash/ Needs New Flash,60.0,Dec 13 2023
119,[NEAR MINT ] OLYMPUS XA2 Black Point & Shoot 35mm Film Camera Flash A11 JAPAN,129.99,Dec 13 2023
120,OLYMPUS XA2 35mm Film Lens Compact Point & Shoot Camera Black with A11 Flash Gun,124.62,Dec 8 2023
121,Olympus A11 Flash Unit for XA Rangefinder Camera -Tested and Working-,80.2,Dec 13 2023
122,Olympus XA2 35mm Self Timer Point And Shoot Film Camera With Wrist Strap,29.99,Dec 13 2023
123,Read [Exc+5] Olympus XA Rangefinder 35mm Film Camera + A11 Flash From JAPAN,119.99,Dec 13 2023
124,Olympus A11 Flash Unit for XA Rangefinder Camera -Tested and Working-,75.69,Dec 13 2023
125,[Near MINT w/ MINT Lens Case] Olympus XA2 Black 35mm Film Camera From Japan,94.99,Dec 13 2023
126,Olympus XA f2.8  35MM Compact Rangefinder Camera w/ Batteries - Film Tested,129.99,Dec 13 2023
127,Olympus A11 Flash Unit for XA Rangefinder Camera -Tested and Working-,71.91,Dec 13 2023
128,Olympus XA2 35mm Film Camera w/ A11 Flash Original Box,110.0,Dec 13 2023
129,„ÄêNEAR MINT„Äë Olympus XA2 35mm Point & Shoot Film Camera Flash A11 From JAPAN,102.0,Dec 13 2023
130,Olympus XA 35mm Rangefinder Film Camera - Excellent Condition with A16 Flash,135.0,Dec 13 2023
131,[Near MINT]  Olympus XA2  XA-2  Point & Shoot Film Camera From JAPAN,89.99,Dec 13 2023
132,OLYMPUS XA 2 35MM Film Camera F/3.5 w/ A11 Flash Tested (New Batteries!),97.42,Dec 12 2023
133,Olympus XA2 35mm Rangefinder Film Camera (Body Only),80.0,Dec 12 2023
134,[Mint w/ A11 Flash] Olympus XA2 Black Point & Shoot Film Camera From JAPAN,129.99,Dec 12 2023
135,Olympus XA 1 w/ A9M Flash Film Camera,105.6,Dec 12 2023
136,Olympus XA2 Camera‚ÄºÔ∏èNICE‚ÄºÔ∏è,54.95,Dec 12 2023
137,[ MINT w/ Case ] Olympus XA + A11 Flash 35mm Rangefinder Film Camera From JAPAN,209.9,Dec 12 2023
138,[Exc+5] Tested Olympus XA2 Point&Shoot 35mm Compact Film Camera From JAPAN,69.99,Dec 12 2023
139,[EXC+5] Olympus XA2 Black Point & Shoot 35mm Film Camera Flash A11 Japan,109.99,Dec 12 2023
140,[Near Mint] Olympus XA2 35mm Point & Shoot Compact Film Camera Black From Japan,99.99,Dec 12 2023
141,[Near Mint] OLYMPUS XA2 Black Point & Shoot Film Camera From Japan,75.99,Dec 12 2023
142,New seal! [Exc+5 w/ Case] Olympus XA 35mm Rangefinder Film Camera From Japan,124.99,Dec 12 2023
143,OLYMPUS XA2 Black Point & Shoot 35mm Film Camera A11 Flash [Exc+3] Japan #115,129.99,Dec 12 2023
144,Beautiful! Tested!„ÄéAlmost Unused„ÄèOlympus XA2 A11 Flash Point & Shoot From JAPAN,159.99,Dec 12 2023
145,Near MINT Olympus XA2 Black 35mm Point & Shoot Film Camera from JAPAN,74.99,Dec 12 2023
146,ALL WORKS! *Almost N.MINT* OLYMPUS XA2 Point & Shoot Film Camera A11 From JAPAN,119.99,Dec 12 2023
147,„ÄêNEAR MINT„ÄëOlympus XA Black Rangefinder 35mm Point & Shoo Film Camera From JAPAN,139.99,Dec 12 2023
148,‚ñ∂[EXC+4 in BOX] Olympus XA4 Macro 35mm Film Camera + A11 Flash From JAPAN #1597,159.99,Dec 12 2023
149,Olympus XA2 Camera,39.95,Dec 12 2023
150,Olympus Wrist Strap Clip - XA XA2 XA3 XA4,19.99,Dec 11 2023
151,[MINT in box] Olympus XA4 Macro 35mm Film Camera w/ A11 Flash from Japan,309.99,Dec 12 2023
152,[EXC+5] Olympus XA2 Black Point & Shoot 35mm Film Camera Flash A11 Japan,109.99,Dec 12 2023
153,[Near MINT] Olympus XA2 35mm Point & Shoot Film Camera w/ A11 Flash From JAPAN,109.99,Dec 12 2023
154,Read„ÄêEXC+++++ w/ Case„Äë Olympus XA2 Point & Shoot Film Camera w/ A11 Flash JAPAN,84.99,Dec 9 2023
155,OLYMPUS XA2 Black Point & Shoot 35mm Film Camera + A11 Flash From JAPAN [Exc+5],89.99,Dec 3 2023
156,Olympus XA 35mm Film Camera Rangefinder f/2.8 A11 Flash Unit Tested Works - FS !,139.95,Dec 11 2023
157,[NEAR MINT w/ A16 Flash] Olympus XA Black 35mm Point & Shoot Film Camera JAPAN,169.99,Dec 11 2023
158,[Near MINT] Olympus XA2 35mm Point & Shoot Film Camera w/ A11 Flash From JAPAN,109.99,Dec 11 2023
159,Olympus XA2 Camera A11 Flash Film Original Case and Instruction Manual TESTED,89.0,Dec 11 2023
160,[MINT w/ Case] Olympus XA2 A11 Point & Shoot Film Camera From JAPAN					,139.99,Dec 11 2023
161,Olympus XA2 Black Point & Shoot 35mm Film Camera w/ A11 Flash Made in Japan,36.0,Dec 11 2023
162,"Olympus Camera Bag 7.5 x 3.5 x 2.5"" Infinity Stylus Zoom mju Œº XA2 Trip Camedia",19.95,Dec 11 2023
163,Read[MINT w/Box Case] Olympus XA2 Black Point & Shoot Film Camera A11 Japan,129.99,Dec 11 2023
164,[Near MINT] Olympus XA2 Point & Shoot 35mm Film Camera + A11 Flash from Japan,109.0,Dec 11 2023
165,Vtg OLYMPUS XA2 35 mm FILM CAMERA Point & Shoot W/ A11 ELECTRONIC FLASH Works!,48.0,Dec 11 2023
166,Olympus A11 Flash Unit for XA Rangefinder Camera -Tested and Working-,79.95,Dec 11 2023
167,All Works!! [MINT w/ A16 Flash] Olympus XA2 35mm Compact Film Camera From JAPAN,144.99,Dec 11 2023
168,„ÄêN MINT„Äë Olympus XA2 + A11 Flash Black 35mm Point & Shoot Film Camera From JAPAN,119.99,Dec 11 2023
169,Tested! [MINT w/ Case] Olympus XA2 35mm point & shoot  Film Camera JAPAN,132.38,Dec 11 2023
170,Olympus Wrist Strap - XA XA2 XA3 XA4,24.99,Dec 8 2023
171,[Near MINT w/ Strap] Olympus XA2 35mm Point & Shoot black Film Camera From JAPAN,89.99,Dec 10 2023
172,[Near MINT w/Case] Olympus XA2 35mm Point&Shoot Compact Film Camera From JAPAN,96.99,Dec 10 2023
173,Olympus XA2 35mm Rangefinder Film Camera Powers On Read,104.99,Dec 10 2023
174,[EXC +5] Olympus XA A11 35mm Rangefinder Film Camera Body FROM JAPAN # YK,104.99,Dec 10 2023
175,Olympus XA2 35mm Camera (functioning With Battery‚Äôs) Read,70.0,Dec 10 2023
176,Olympus XA camera with case and manuals and Infinity Jr. Partially tested.,76.0,Dec 10 2023
177,Olympus XA2 35mm Point & Shoot Film Camera W/ A11 Flash - Black - Tested,129.99,Dec 10 2023
178,Olympus XA2 Black Point & Shoot 35mm Film Camera Flash A11 Japan,76.0,Dec 10 2023
179,[NEAR MINT] Olympus XA2 Black 35mm Point & Shoot Compact Film Camera from JAPAN,79.99,Dec 10 2023
180,Olympus A11 Flash Unit for XA Rangefinder Camera -Tested and Working-,71.45,Dec 10 2023
181,[EXC+5] Olympus XA2 Black Point & Shoot 35mm Film Camera Flash A11 Japan #1325,104.99,Dec 10 2023
182,Raed „ÄêNEAR MINT„Äë Olympus XA2 Red / A11 Point & Shoot 35mm Film Camera From JAPAN,189.99,Dec 10 2023
183,Olympus XA Rangefinder 35mm Film Camera w/ Flash A11 *Read*,150.0,Dec 10 2023
184,Tested Working Olympus XA1 35mm Point&Shoot Film Camera,35.25,Dec 10 2023
185,OLYMPUS XA2 Point & Shoot 35mm Rangefinder Film Camera + A11,93.7,Jun 10 2023
186,Olympus XA Film Camera,164.99,Dec 10 2023
187,„ÄêNEAR MINT w/A11 Flash„ÄëOlympus XA2 Point & Shoot 35mm Black Film Camera JAPAN,119.99,Dec 9 2023
188,[Near MINT w/ Strap] Olympus XA2 35mm Point & Shoot black Film Camera from Japan,89.99,Dec 9 2023
189,[EXC+5] Olympus XA2 Black Point & Shoot 35mm Film Camera Flash A11 Japan,114.99,Dec 9 2023
190,[Near MINT in Box] Olympus XA 35mm Film Rangefinder w/ A11 flash From JAPAN,189.99,Dec 9 2023
191,Lot of 4 Olympus XA As-Is for parts only,59.0,Dec 9 2023
192,Olympus XA 35mm Point &Shoot Film Camera + A11 Flash + Case and Manual,68.0,Dec 9 2023
193,[Mint w/ Strap] Olympus XA 35mm Point & Shoot Camera w/ A11 Flash From JAPAN,219.99,Dec 9 2023
194,Olympus XA A11 35mm  Film Camera Body With A11 Flash,102.5,Dec 9 2023
195,Olympus XA2 Instruction Manual,8.98,Dec 9 2023
196,Olympus XA Black 35mm Rangefinder Film Camera f/2.8 From JAPAN New Batteries,103.1,Dec 9 2023
197,Olympus XA3 DX Point & Shoot Zuiko 35mm Film Camera - Shipped From USA,119.99,Dec 8 2023
198,[ Near MINT ] Olympus XA2 Black 35mm Point & Shoot Film Camera From Japan,119.99,Dec 8 2023
199,Tested works [MINT] Olympus XA + A11 Point & Shoot 35mm Film Camera From JAPAN,139.99,Nov 20 2023
200,Tested works [Near MINT] Olympus XA2 Point & Shoot 35mm Film Camera From JAPAN,89.99,Dec 6 2023
201,Excellent Condition Olympus XA 35mm Rangefinder Film Camera w/A11 Flash JAPAN,139.99,Dec 8 2023
202,[NEAR MINT w/Strap] Olympus XA2 A11 Flash Black Point & Shoot Film Camera JAPAN,109.99,Dec 8 2023
203,VTG OLYMPUS XA 2 35MM Film Camera F/3.5 w/ A11 Flash Original Box & Manual WORKS,149.99,Dec 8 2023
204,Near MINT Olympus XA2 Black Point & Shoot 35mm Film Camera Flash A11 Japan,110.0,Dec 8 2023
205,[Exc+4] Olympus XA2 Black Point & Shoot Film Camera w/ A11 Flash From Japan,54.99,Dec 8 2023
206,„ÄêNEAR MINT„Äë Olympus XA2 35mm Point & Shoot Film Camera Flash A11 From JAPAN,109.99,Dec 8 2023
207,Olympus XA2/A11 Black 35m Point & Shoot Camera W/Case & Manual ‚ÄúTested‚Äù,149.95,Dec 8 2023
208,[Exc+5] Olympus XA2 A11 Flash Point & Shoot 35mm Compact Film Camera From JAPAN,109.99,Dec 8 2023
209,Olympus XA2 Point & Shoot 35mm Film Camera w/ A11 Flash in Original Case - Black,39.98,Dec 8 2023
210,OLYMPUS XA2 Camera & A11 Flash,63.0,Dec 8 2023
211,[N MINT w/ MINT Lens A11 Flash] Olympus XA2 Black 35mm Film Camera From Japan,124.99,Dec 8 2023
212,Olympus XA2 35mm Rangefinder Film Camera=Used Read Free Shipping,84.99,Dec 8 2023
213,OLYMPUS XA2 w/D.ZUIKO 35mm F3.5 + Flash A11 Compact Film Camera Untested,70.0,Dec 8 2023
214,[EXC+5] Olympus XA 35mm Rangefinder Zuiko 35mm f2.8 A11 Flash From JAPAN,129.99,Dec 8 2023
215,[Near MINT w/ Case Strap] Olympus XA 35mm Rangefinder Film Camera From Japan,134.99,Dec 8 2023
216,Olympus XA 35mm Film Camera Rangefinder New Light Seals f/2.8 A11 Flash Unit,129.95,Dec 8 2023
217,Olympus XA1 35mm Film Camera D.Zuiko 35mm 1:4 XA1 Model,50.0,Dec 8 2023
218,[MINT++ w/strap] Olympus XA 35mm Rangefinder Film Camera + A11 Flash From JAPAN,194.99,Dec 8 2023
219,[N MINT w/Case Strap] Olympus XA2 A11 Flash Black 35mm Film Point & Shoot JAPAN,129.99,Dec 8 2023
220,Olympus XA2 w/ Flash A11,79.99,Dec 8 2023
221,OLYMPUS XA2 35mm F3.5 Point &Shoot Compact Film Camera From Japan Excellent++,89.8,Dec 8 2023
222,Olympus XA2 35mm Point & Shoot Film Camera Black Photo Photography Xa 2,99.99,Dec 8 2023
223,[Near MINT+++] Tested Olympus XA A11 flash 35mm Rangefinder Film Camera JAPAN,179.99,Dec 6 2023
224,Olympus XA Shutter Release Guard Accessories,5.0,Dec 7 2023
225,[N MINT/A11 Flash OK ] Olympus XA2 Red 35mm Point & Shoot Film Camera From JAPAN,189.99,Dec 7 2023
226,[N MINT] OLYMPUS XA2 35mm Rangefinder Film Camera Black w/ Strap From JAPAN,119.9,Dec 7 2023
227,Two Olympus XA Film Rangefinder Compact Camera w/ 2 Flashes,150.0,Dec 7 2023
228,Olympus XA f2.8 35MM Compact Rangefinder Camera w/ Batteries - Film Tested,149.99,Dec 7 2023
229,*Exc+5* Olympus XA2 Zone Fucus Rangefinder Film Camera 35mm F3.5 From JAPAN,64.95,Dec 7 2023
230,Olympus XA2 35mm Film Compact Camera with A11 Flash Urban White,134.92,Dec 7 2023
231,„ÄêNear Mint„Äë Olympus XA Rangefinder 35mm Point & Shoot Film Camera From JAPAN 609,159.99,Dec 7 2023
232,Olympus XA2 camera tops | Parts | All for | 9.50 |,9.5,Dec 7 2023
233,Olympus XA2 Black Compact Film Camera 35mm Point flash Boxed Nice,165.0,Dec 7 2023
234,Olympus XA f2.8 35MM Compact Rangefinder Camera w/ Batteries - Film Tested,79.99,Dec 7 2023
235,Olympus XA A16 35mm Point & Shoot Film Camera 1:2.8 Lens For Parts or Repair,39.99,Dec 7 2023
236,*Exc+5* Olympus XA2 Zone Focus Rangefinder Film Camera w/ A11 Flash From JAPAN,109.0,Dec 1 2023
237,*Near MINT* Olympus XA 35mm Rangefinder Film Camera w/ A11 Flash From JAPAN,194.0,Dec 1 2023
238,[N MINT] Olympus A16 Electronic Flash For XA Series XA1 XA2 Film Camera JAPAN,59.99,Dec 6 2023
239,Read! [EXCELLENT+++++] Olympus XA2 Red 35mm Rangefinder Film Camera Body JAPAN,120.0,Dec 6 2023
